# SOURMASH-MANIFEST-VERSION: 1.0
internal_location,md5,md5short,ksize,moltype,num,scaled,n_hashes,with_abundance,name,filename
signatures/372638ff4584059a7fe950eeffe6da28.sig.gz,372638ff4584059a7fe950eeffe6da28,372638ff,21,DNA,0,1000,40780,0,SRR11125434_assembly,/group/ctbrowngrp2/scratch/annie/2023-swine-sra/results/atlas/atlas_SRR11125434/SRR11125434/SRR11125434_contigs.fasta
signatures/9263e9434373b2db69dedd4fd6a7aec1.sig.gz,9263e9434373b2db69dedd4fd6a7aec1,9263e943,31,DNA,0,1000,41027,0,SRR11125434_assembly,/group/ctbrowngrp2/scratch/annie/2023-swine-sra/results/atlas/atlas_SRR11125434/SRR11125434/SRR11125434_contigs.fasta
signatures/0c6ad62f3a8722c5370db9db2958fc7c.sig.gz,0c6ad62f3a8722c5370db9db2958fc7c,0c6ad62f,51,DNA,0,1000,40794,0,SRR11125434_assembly,/group/ctbrowngrp2/scratch/annie/2023-swine-sra/results/atlas/atlas_SRR11125434/SRR11125434/SRR11125434_contigs.fasta
