# SOURMASH-MANIFEST-VERSION: 1.0
internal_location,md5,md5short,ksize,moltype,num,scaled,n_hashes,with_abundance,name,filename
signatures/a71ef3a5fc94be481e08d6cfa9e4765e.sig.gz,a71ef3a5fc94be481e08d6cfa9e4765e,a71ef3a5,21,DNA,0,1000,12400,0,SRR11125434_bins,/group/ctbrowngrp2/scratch/annie/2023-swine-sra/results/atlas/atlas_SRR11125434/genomes/genomes/AtH2023_SRR11125434_MAG6.fasta
signatures/dfb471d5b4226ab99a326529af4362bd.sig.gz,dfb471d5b4226ab99a326529af4362bd,dfb471d5,31,DNA,0,1000,12544,0,SRR11125434_bins,/group/ctbrowngrp2/scratch/annie/2023-swine-sra/results/atlas/atlas_SRR11125434/genomes/genomes/AtH2023_SRR11125434_MAG6.fasta
signatures/3be0db2da4c3912e14e9769bfc1a9d97.sig.gz,3be0db2da4c3912e14e9769bfc1a9d97,3be0db2d,51,DNA,0,1000,12334,0,SRR11125434_bins,/group/ctbrowngrp2/scratch/annie/2023-swine-sra/results/atlas/atlas_SRR11125434/genomes/genomes/AtH2023_SRR11125434_MAG6.fasta
