# SOURMASH-MANIFEST-VERSION: 1.0
internal_location,md5,md5short,ksize,moltype,num,scaled,n_hashes,with_abundance,name,filename
signatures/744fb67e76affaf6b09e52a60227e841.sig.gz,744fb67e76affaf6b09e52a60227e841,744fb67e,21,DNA,0,1000,204950,1,SRR11125434_reads,/group/ctbrowngrp2/scratch/annie/2023-swine-sra/results/atlas/atlas_SRR11125434/SRR11125434/sequence_quality_control/SRR11125434_QC_R2.fastq.gz
signatures/ec830527b9fc408a1558fc335b84d679.sig.gz,ec830527b9fc408a1558fc335b84d679,ec830527,31,DNA,0,1000,205916,1,SRR11125434_reads,/group/ctbrowngrp2/scratch/annie/2023-swine-sra/results/atlas/atlas_SRR11125434/SRR11125434/sequence_quality_control/SRR11125434_QC_R2.fastq.gz
signatures/3bd8da65511fcc0ee02ad59561ed6eea.sig.gz,3bd8da65511fcc0ee02ad59561ed6eea,3bd8da65,51,DNA,0,1000,197346,1,SRR11125434_reads,/group/ctbrowngrp2/scratch/annie/2023-swine-sra/results/atlas/atlas_SRR11125434/SRR11125434/sequence_quality_control/SRR11125434_QC_R2.fastq.gz
